index,published,keyword,domain,language,valid,title,description,url,image,archive,content,quote
1280b3c7bd9810ea3c1517bd6e680903,2025-11-01T13:14:03Z,'snow',consent.yahoo.com,en,0.0,A National Weather Service office in Michigan just recorded its first measurable snow of the season,,https://consent.yahoo.com/v2/collectConsent?sessionId=1_cc-session_cceb3209-9528-4482-b9b5-8063719d7cd4,,,"If you click 'Accept all', we and our partners, including 237 who are part of the IAB Transparency &amp; Consent Framework, will also store and/or access information on a device (in other words, use … [+714 chars]",
0536ca7d66c384359dde830325171c3b,2025-11-02T12:13:31Z,'snow',www.oklahoman.com,en,1.0,Oklahoma's Halloween weather may be a clue to winter. Here's what folklore says,"The Farmer's Almanac shared there is belief that months have an impact on other months, like foggy Augusts mean there will be snowfall in the winter.",https://www.oklahoman.com/story/weather/2025/11/02/october-weather-trends-could-be-a-clue-to-winter-what-folklore-says/87038300007/,https://s.yimg.com/ny/api/res/1.2/gNhrdG.wHdLIgbZZD4FhKg--/YXBwaWQ9aGlnaGxhbmRlcjt3PTEyMDA7aD03OTM7Y2Y9d2VicA--/https://media.zenfs.com/en/the-oklahoman/b65033767344d9d3630359ad2d1ec59d,,"Halloween closed the month of October with temperatures in the high 60s and November seems to carry the trend.
But old folktales state that crisp and frosty Halloweens could signal a harsh winter ah… [+3384 chars]",
686a9cee2268abd36b26d789fdb99b7f,2025-11-03T09:45:00Z,'slippery roads',road.cc,en,0.1,Hutchinson Challenger TR tyre,"Excellent hard-wearing tyre that's comfy, grippy and extremely puncture-resistant 9/10",https://road.cc/content/review/hutchinson-challenger-tr-tyre-316493,https://cdn.road.cc/sites/default/files/styles/main_width/public/2025-hutchinson-challenger-tr-side.jpg,,The 35mm Hutchinson Challenger TR Tyre follows on from the excellent performance of Hutchinson's 28mm Challenger TLR rubber. It's an endurance-focused road tyre that takes the Challenger's core attri… [+9367 chars],
cc62991009560bf98f33fa90c495726b,2025-11-03T12:27:00Z,'snow',newatlas.com,en,0.0,Giant rotating hamster wheels aim to 'revolutionize' indoor skiing,"An Australian company is preparing to roll out a series of giant, rotating ski barrels designed to make the experience of carving endless fresh snow available to city folk without a long drive. We talk to Snowtunnel co-founder and CEO Scott Kessler.Continue R…",https://newatlas.com/ski-snowboard/snowtunnel-indoor-ski-rotating/,https://assets.newatlas.com/dims4/default/6228d3f/2147483647/strip/true/crop/1920x1008+0+36/resize/1200x630!/quality/90/?url=https%3A%2F%2Fnewatlas-brightspot.s3.amazonaws.com%2Fd9%2F9f%2F71d8166a489c9e7fd185a52354fd%2Fstill-1-tunnel.jpg&na.image_optimisation=0,,"An Australian company is preparing to roll out a series of giant, rotating ski barrels designed to make the experience of carving endless fresh snow available to city folk without a long drive. We ta… [+6694 chars]",
738ec77924e52a716d904e7a74afcdcf,2025-11-03T22:20:11Z,'snowfall',www.tvline.com,en,0.0,Snowfall Spinoff Ordered At FX Starring Two Series Vets — Get A First Look,"Snowfall's epic story will continue: FX has ordered a spinoff of the acclaimed L.A. drug trade drama, with Gail Bean and Isaiah John returning to star.",https://www.tvline.com/2016157/snowfall-spinoff-fx-hulu-cast-series-order/,https://www.tvline.com/img/gallery/snowfall-spinoff-ordered-at-fx-starring-two-series-vets-get-a-first-look/l-intro-1762207882.jpg,,"""Snowfall's"" epic story isn't over yet.
FX has handed a series order to a spinoff to the acclaimed L.A. drug trade drama, with cast members Gail Bean and Isaiah John reprising their roles, the netwo… [+1178 chars]",
b064a49f532c05f66c237d9baf651ebe,2025-11-04T00:00:00Z,'slippery roads',www.nationalgeographic.com,en,0.1,Set out to witness the world's most incredible wildlife spectacle: the Great Migration in the Serengeti,The annual Great Migration of millions of wildebeest and zebras across the plains of the Serengeti is one of the world’s superlative natural events — but finding it isn’t always easy.,https://www.nationalgeographic.com/travel/article/witness-the-worlds-most-incredible-wildlife-spectacle-serengeti-great-migration,https://i.natgeofe.com/n/a2ff5e67-9be6-4e35-bda8-d515d778e58b/coverstory_tanzania_GettyImages-2181797139_ukHRESIZED_16x9.jpg?w=1200,,"This article was produced by National Geographic Traveller (UK).
Its not a mathematical calculation, says my seasoned guide Allan Dawson, his brow furrowing as he smooths out a giant battered map of… [+8428 chars]",
db026a2be6676b25e7df441b8ca5f724,2025-11-04T00:32:37Z,'snow',screenrant.com,en,0.0,Snowfall Spinoff Series Set In 1990s LA Coming To Hulu Next Year,"FX's The Wire replacement show, with a stellar 92% score on Rotten Tomatoes, is officially returning next year with a new spinoff series.",https://screenrant.com/snowfall-spinoff-series-order-2026-release-fx-hulu/,https://static0.srcdn.com/wordpress/wp-content/uploads/2023/07/jerome-looking-angry-on-snowfall.jpg?w=1200&h=675&fit=crop,,"Snowfall is officially returning next year with a new spinoff series. Aired on FX for six seasons from 2017 to 2023, the crime drama follows an African American crime family in South Central Los Ange… [+2106 chars]",
c7021b102b165b31e9ee1b7499b3f3bf,2025-11-04T07:38:50Z,'snow',abc30.com,en,0.0,Selma man recalls surviving for weeks in the snow-covered mountains,"In his own words, Ron Dailey, the missing Selma man, retracts his steps from the wilderness.",https://abc30.com/post/missing-selma-man-recalls-surviving-weeks-snow-covered-mountains/18110704/,https://s.yimg.com/ny/api/res/1.2/ynNNjFKCwqjw_wQLke9alQ--/YXBwaWQ9aGlnaGxhbmRlcjt3PTEyMDA7aD02NzU7Y2Y9d2VicA--/https://media.zenfs.com/en/kfsn_articles_810/539bf65a3851b3f7d18edcac22f33a3d,,"A miracle in the mountains.
In his own words, Ron Dailey, the missing Selma man, retracts his steps from the wilderness.
On October 13th, Dailey went out for a day of hunting near Swamp Lake Trail-… [+1992 chars]",
8be8377b80eb82cb976bcb05dfbc6e0a,2025-11-04T10:45:00Z,'slippery roads',www.press.bmwgroup.com,en,0.1,BMW Motorrad presents the BMW F 450 GS.,"Playful in handling, versatile in use – ultimate GS expertise for the 48 hp class.",https://www.press.bmwgroup.com/global/article/detail/T0453560EN/bmw-motorrad-presents-the-bmw-f-450-gs?language=en,https://mediapool.bmwgroup.com/cache/P9/201602/P90211613/P90211613-bmw-group-corporate-headquarters-02-2016-600px.jpg,,"""With the new BMW F 450 GS, BMW Motorrad presents a
 genuine BMW GS in the 48 hp A2 class. It embodies
 the essence of a GS: Get on, twist the throttle, have fun - with
 full control and maximum c… [+18418 chars]",
cb1de7189e0b12829d284215e3ec5fce,2025-11-04T14:29:00Z,'snow',www.yahoo.com,en,0.0,Ski resorts waste no time as snow piles up in parts of New England,Winter is making an early appearance across parts of New England.,https://www.yahoo.com/news/articles/ski-resorts-waste-no-time-142900650.html,https://media.zenfs.com/en/wfxt_cox_articles_703/127cb3ecd78233b441e995f27d8d98ca,,"Winter is making an early appearance across parts of New England, and ski resorts arent wasting any time.
Sunday River in Maine shared a video over the weekend showing snowmaking in action, saying w… [+970 chars]",
9abf3af9cca0097d80a1fb92f442395c,2025-11-04T15:00:00Z,'snow',www.core77.com,en,0.0,"Insane Australian Invention: The Snowtunnel, a Skier's Version of a Wave Pool","Did you know that you could actually go skiing/snowboarding in Australia? I didn't. The country/continent actually has an established ski industry in their southeast, where the Australian Alps are located. (I also didn't know they had Alps.)Their season is sh…",https://www.core77.com/posts/139181/Insane-Australian-Invention-The-Snowtunnel-a-Skiers-Version-of-a-Wave-Pool,https://s3files.core77.com/blog/images/lead_n_spotlight/1773912_lead_400_139181_.jpg,,"Did you know that you could actually go skiing/snowboarding in Australia? I didn't. The country/continent actually has an established ski industry in their southeast, where the Australian Alps are lo… [+999 chars]",
7812ab4e850b52f9c49a75db2c3a3e19,2025-11-04T18:24:53Z,'snow',consent.yahoo.com,en,0.0,"Upcoming eastern US cold wave to be accompanied by snow in Midwest, Appalachians",,https://consent.yahoo.com/v2/collectConsent?sessionId=1_cc-session_d35eabaa-8208-43a6-aedc-af6bc01b4b40,,,"If you click 'Accept all', we and our partners, including 237 who are part of the IAB Transparency &amp; Consent Framework, will also store and/or access information on a device (in other words, use … [+714 chars]",
3fc8cc87e090ddaa4b5281a9be8571d2,2025-11-04T20:02:10Z,'snow ice',www.sctimes.com,en,1.0,"Snow expected to hit central Minnesota, St. Cloud this weekend","The National Weather Service predicts snow will hit Minnesota this weekend, including St. Cloud.",https://www.sctimes.com/story/weather/2025/11/04/snowy-weather-expected-in-minnesota-saturday-st-cloud-minneapolis-stillwater-duluth-sartell/87089605007/,https://s.yimg.com/ny/api/res/1.2/ngkcjMZZDDU8wl4aJptLvw--/YXBwaWQ9aGlnaGxhbmRlcjt3PTEyMDA7aD05MDA7Y2Y9d2VicA--/https://media.zenfs.com/en/sc-cloud-st-cloud-times/282ca8933c4bd991731c8ee5fdfab5a2,,"ST. CLOUD, Minn. The National Weather Service reports snow is expected in St. Cloud this coming weekend.
Snow is likely to reach the Granite City this Saturday, Nov. 8, according to the NWS, as of N… [+1254 chars]",
2c8b27a8a4b26ce0939f4498acf06350,2025-11-04T21:27:29Z,'snow',www.cbc.ca,en,0.0,7 climbers presumed dead after avalanche in Nepal,"Rescuers dug through ice and snow on a mountain in Nepal on Tuesday to look for the bodies of seven climbers who were killed by an avalanche, officials said.",https://www.cbc.ca/news/world/nepal-avalanche-canadian-9.6966678,"https://i.cbc.ca/ais/87024bf6-37df-4235-8bb8-c1c2b0172f71,1762291331279/full/max/0/default.jpg?im=Crop%2Crect%3D%280%2C579%2C3024%2C1701%29%3BResize%3D620",,"Rescuers dug through ice and snow on a mountain in Nepal on Tuesday to look for the bodies of seven climbers who were killed by an avalanche, officials said.

The avalanche pounded the base camp at M… [+1769 chars]",
9eac4874ec9128334a5021bfc4709547,2025-11-05T14:00:00Z,'slippery roads',journals.plos.org,en,0.1,Quantum-topological meta-learning for tire-road contact stability and multi-modal road prediction in autonomous driving,"This paper addresses the critical challenge of tire-road contact dynamics in intelligent transportation systems, particularly for Level 4 autonomous driving. Traditional empirical models fail to accurately predict tire behavior on unstructured road surfaces, …",https://journals.plos.org/plosone/article?id=10.1371/journal.pone.0335922,https://journals.plos.org/plosone/article/figure/image?id=10.1371/journal.pone.0335922.g007&size=inline,,"Citation: Wang N (2025) Quantum-topological meta-learning for tire-road contact stability and multi-modal road prediction in autonomous driving. PLoS One 20(11):
 e0335922.
https://doi.org/10.1371/… [+48453 chars]",
34ba8dfd84006e1e2408b0c45b5075ed,2025-11-05T18:26:00Z,'frost weather',www.orlandosentinel.com,en,0.0,"Game time: Fast facts, odds, keys to UCF Knights vs. Houston","Houston at UCF Where: Accrisure Bounce House Stadium When: Friday, 8 p.m. TV: FS1 Weather: 72 degrees with 0% chance of precipitation Latest line: UCF by 1.5 points Coaches: Scott Frost is 23-11 at UCF, 39-42 overall; Willie Fritz is 11-10 at Houston, 219-126…",https://www.orlandosentinel.com/2025/11/05/ucf-knights-vs-houston-tv-info-betting-odds-keys/,https://s.yimg.com/cv/apiv2/social/images/yahoo_default_logo-1200x1200.png,,"Houston at UCF
Where:Accrisure Bounce House Stadium
When: Friday, 8 p.m.
TV: FS1
Weather: 72 degrees with 0% chance of precipitation
Latest line: UCF by 1.5 points
Coaches:Scott Frost is 23-11 … [+2313 chars]",
e1aee26b99b53964508e5ed1abc071f6,2025-11-06T16:55:23Z,'frost weather',biztoc.com,en,0.0,Pet Warning Issued to 1 Million People in Florida City,"National Weather Service (NWS) meteorologists in Jacksonville, Florida, are warning people across its forecast region to bring their pets inside early next week as below-average temperatures bring a risk of frost and freeze to the area.
Low temperatures will …",https://biztoc.com/x/66e2ddfec84f9cbb,https://biztoc.com/cdn/66e2ddfec84f9cbb_s.webp,,"National Weather Service (NWS) meteorologists in Jacksonville, Florida, are warning people across its forecast region to bring their pets inside early next week as below-average temperatures bring a … [+146 chars]",
c9ef9a958866011563b1777a84100dd2,2025-11-06T20:30:27Z,'snow',www.vvdailypress.com,en,0.0,"Heavy rain expected next week in Southern California, snow up north",An atmospheric river is expected to bring heavy rain to Southern California and snowfall to the Sierra Nevadas.,https://www.vvdailypress.com/story/weather/2025/11/06/atmospheric-river-heavy-southern-california-rain-sierra-snow/87120943007/,https://s.yimg.com/ny/api/res/1.2/E1ekTQ4Ls4L9ukkFcMBJHA--/YXBwaWQ9aGlnaGxhbmRlcjt3PTEyMDA7aD05MDA7Y2Y9d2VicA--/https://media.zenfs.com/en/victorville-daily-press/f3de53740ef9cf69e81df0deae7b7876,,"An atmospheric river is expected to bring heavy rain to Southern California and snowfall to the Sierra Nevadas.
A week of heavy precipitation across the state is expected to begin on Nov. 13, accord… [+1006 chars]",
7bf4b385aa2bc5abc3125f529ed4e05c,2025-11-07T02:33:49Z,'snow ice',www.foxnews.com,en,0.0,'Hunting Wives' star Brittany Snow explains why she left Hollywood at 23: 'My life depended on it',"Brittany Snow opens up about leaving Hollywood at 23 to battle an eating disorder, crediting the decision with saving her life before her successful comeback.",https://www.foxnews.com/entertainment/hunting-wives-star-brittany-snow-says-leaving-hollywood-23-saved-her-life-after-eating-disorder-battle,https://static.foxnews.com/foxnews.com/content/uploads/2025/11/brittany-snow-wsj-innovators.jpg,,"Brittany Snow says stepping away from Hollywood saved her life.
In an interview with Self magazine for the cover of their November issue, the 39-year-old actress opened up about leaving her career a… [+3955 chars]",
12bb9c8bcf545783fdb26cefa85eba56,2025-11-07T11:30:00Z,'snow',www.pcworld.com,en,0.0,Battlefield 6 Season 1: 10 tips to go from noob to pro,"Ho ho ho, is it Christmas already? In Battlefield 6, the snow is falling on the brand new Manhattan map Empire State, jingle bells are blaring from the speakers and it feels like a nice flashback to The Division. It was snowing in New York there too — and it …",https://www.pcworld.com/article/2963044/battlefield-6-season-1-10-tips-to-go-from-noob-to-pro.html,https://www.pcworld.com/wp-content/uploads/2025/11/Battlefield-6-Season-1_Aufmacher-1.jpg?quality=50&strip=all&w=1024,,"Skip to contentWhen you purchase through links in our articles, we may earn a small commission. This doesn't affect our editorial independence
.

Ho ho ho, is it Christmas already? In Battlefield 6,… [+9381 chars]",
c3ed9fda1be2b53fda0651a98eac8716,2025-11-07T13:31:41Z,'snow',www.blogto.com,en,0.0,Parts of Ontario are about to be walloped by 15 cm of snow,"Parts of Ontario will be hit with the first major snowfall of the season on Friday, with forecasts predicting 15 cm in the province's northern regions.And while conditions are comparatively mild in Southern Ontario to kick off the weekend, residents of the pr…",https://www.blogto.com/city/2025/11/parts-ontario-15-cm-snow/,https://blogto-production2-baselayer-display.blogto.com/articles/20251107-snow-ontario.jpg?w=1200&cmd=resize_then_crop&height=630&quality=70&format=jpeg,,"Parts of Ontario will be hit with the first major snowfall of the season on Friday, with forecasts predicting 15 cm in the province's northern regions.
And while conditions are comparatively mild in… [+2261 chars]",
4f4cc2556de71a1ed6058a53ff9df9cd,2025-11-07T14:17:03Z,'snow',www.burlingtonfreepress.com,en,0.0,"Snow on tap in parts of Vermont for multiple days. Here’s the breakdown of where, how much",Vermont could see a dusting of snow this weekend. Here's where it's predicted to fall.,https://www.burlingtonfreepress.com/story/weather/2025/11/07/which-vermont-areas-will-see-snow-this-weekend-snowfall-amounts-burlington-rain-weather/87142985007/,https://media.zenfs.com/en/the-burlington-free-press/382c769784220d2d7cdabd5e798d9417,,"Parts of Vermont could see a dusting of snow this weekend, according to the National Weather Service.
Burlington might see some snow before 1 p.m. on Friday, Nov. 7, but not nearly enough for reside… [+3942 chars]",
88d79d1dc15fa5c31c2a96e42bd0767d,2025-11-07T15:18:50Z,'snow',www.pnj.com,en,0.0,How cold will it get in Florida next week? Will it snow? Here's the forecast,How cold will it get in Florida next week when wintry winds from Canada sweep down over the U.S.?,https://www.pnj.com/story/weather/2025/11/07/cold-florida-freeze-frost/87142976007/,https://media.zenfs.com/en/palm_beach_post_natl_articles_437/46641e6135090a5941addb35c20abeb1,,"Enjoy the warm, beautiful weather expected across most of Florida this weekend, but get your jackets, hoodies and sweaters ready. Winter is about to land on us.
""A cold outbreak will plunge into the… [+10547 chars]",
cea21222e0b680e8709fcae3fb8265e4,2025-11-07T18:36:46Z,'snow climate change',www.vox.com,en,0.0,Pandemics are a choice,"For the first time in history, we have an opportunity to stop the next pandemic. From the earliest thinking of the Greek physician and philosopher Claudius Galen to the 19th-century British “father of epidemiology” John Snow to the years before the Covid-19 p…",https://www.vox.com/future-perfect/467821/pandemic-prevention-vaccines-covid-flu,https://platform.vox.com/wp-content/uploads/sites/2/2025/11/GettyImages-2190684694.jpg?quality=90&strip=all&crop=0%2C5.4200510958104%2C100%2C89.159897808379&w=1200,http://web.archive.org/web/20251109235517/https://www.vox.com/future-perfect/467821/pandemic-prevention-vaccines-covid-flu,"For the first time in history, we have an opportunity to stop the next pandemic.
From the earliest thinking of the Greek physician and philosopher Claudius Galen to the 19th-century British father o… [+16318 chars]",
2e25517538b4e3c010d29b2d75c826f5,2025-11-07T19:57:03Z,'slippery roads',www.cbc.ca,en,0.0,Substantial Sunday snowfall possible in and around Ottawa-Gatineau,The first notable snowfall of the season in eastern Ontario could bring up to 15 centimetres in and around Ottawa-Gatineau on Sunday.,https://www.cbc.ca/news/canada/ottawa/snow-weather-forecast-ottawa-sunday-nov9-9.6971362,"https://i.cbc.ca/ais/1.6653268,1762545360292/full/max/0/default.jpg?im=Crop%2Crect%3D%280%2C0%2C3936%2C2214%29%3BResize%3D620",,"The first notable snowfall of the season in eastern Ontario could bring up to 15 centimetres in and around Ottawa-Gatineau on Sunday.
Environment Canada sent out three special weather statements Fri… [+780 chars]",
df2be72f527b9e67e60298d668fc99e1,2025-11-07T20:42:58Z,'snow',www.cbc.ca,en,0.0,Winter is coming — special weather statement issued for southern Quebec,"Many parts of Quebec are expected to get their first blast of wintery weather starting on Sunday, with Montreal expected to see between 5 and 10 cm of snow.",https://www.cbc.ca/news/canada/montreal/montreal-first-snow-winter-weather-9.6971403,"https://i.cbc.ca/ais/7826ae2d-0fc4-4c16-aad0-f043b7007bcd,1762546149517/full/max/0/default.jpg?im=Crop%2Crect%3D%280%2C233%2C4462%2C2509%29%3BResize%3D620",,"Quebecers should get ready for some potentially messy winter weather starting on Sunday, that could make for slippery road conditions.
Environment Canada issued a weather statement on Friday for sou… [+1235 chars]",
21da97e65cab4792480a5df8c51ab607,2025-11-08T18:30:46Z,'snow',www.foxweather.com,en,0.0,Up to 2 feet of lake-effect snow possible over Great Lakes Sunday,"Heavy bands of lake-effect snow will begin to target the Great Lakes tonight into Sunday, potentially bringing 1-2 feet of snow to parts of Northwest Indiana...",https://www.foxweather.com/watch/fmc-63fug787lbflkp1c,https://s.yimg.com/ny/api/res/1.2/kWjL44.NwpX4zZu7Sj3N.g--/YXBwaWQ9aGlnaGxhbmRlcjt3PTEyMDA7aD02NzU7Y2Y9d2VicA--/https://media.zenfs.com/en/fox_weather_videos_202/76524878afa22a584d4bf45e02932f30,,"Heavy bands of lake-effect snow will begin to target the Great Lakes tonight into Sunday, potentially bringing 1-2 feet of snow to parts of Northwest Indiana and several inches of snow to Michigan, N… [+30 chars]",
ce73a8dfeed606d5c971862f49e7f38c,2025-11-09T07:37:49Z,'slippery roads',www.autosport.com,en,0.1,WRC Rally Japan: Ogier beats Evans to take title fight down to the wire,Toyota’s Sebastien Ogier edged World Rally Championship leader Elfyn Evans to victory after an intense Rally Japan battle that ensured the title will be decided in the Saudi Arabia season finale.Ogier and co-driver Vincent Landais claimed their sixth win from…,https://www.autosport.com/wrc/news/wrc-rally-japan-ogier-beats-evans-to-take-title-fight-down-to-the-wire/10775200/,https://cdn-6.motorsport.com/images/amp/6DGqVWJY/s6/sebastien-ogier-vincent-landai.jpg,,"Toyotas Sebastien Ogier edged World Rally Championship leader Elfyn Evans to victory after an intense Rally Japan battle that ensured the title will be decided in the Saudi Arabia season finale.
Ogi… [+4498 chars]",
8206ba5d1496716c8e230d7a9da1c8dc,2025-11-09T12:57:12Z,'snow',www.woodtv.com,en,0.0,Thousands without power during West Michigan’s first snow of the season,Many in southwest Michigan are experiencing the first snow of the season without electricity following early morning outages.,https://www.woodtv.com/news/michigan/thousands-without-power-during-west-michigans-first-snow-of-the-season/,https://media.zenfs.com/en/wood_articles_694/560a493fb0445600bae51b16bad8ac0e,,"GRAND RAPIDS, Mich. (WOOD) Many in southwest Michigan are experiencing the first snow of the season without power following early morning outages.
As of about 11:30 a.m. Sunday, Consumers Energys in… [+1913 chars]",
03bddf99b4bf7ae8ce2157e1d85fb522,2025-11-09T17:39:07Z,'snowfall',kyweathercenter.com,en,0.9,Old Man Winter Surges Into Kentucky,"Good afternoon, everyone. An early-season winter blast is sweeping into Kentucky, delivering not just our first snowflakes but also the season’s first light accumulations. Bitterly cold early November wind chills will also flex on us over the next few days. L…",https://kyweathercenter.com/?p=73529,,,"Good afternoon, everyone. An early-season winter blast is sweeping into Kentucky, delivering not just our first snowflakes but also the season’s first light accumulations. Bitterly cold early Novembe… [+1338 chars]",
f2726719507079a93501acadb78c9acc,2025-11-09T18:00:22Z,'snow',www.yahoo.com,en,0.0,Meteorologists warn of 'intense' snow in Great Lakes states and record lows in South,"Large swaths of the U.S. prepared for one of the season’s first blasts of wintry weather Sunday as temperatures dipped and snow fell in the Northern Plains, ...",https://www.yahoo.com/news/articles/meteorologists-warn-intense-snow-great-180022705.html,https://s.yimg.com/ny/api/res/1.2/ktA4XQpZWG07xbgsVfSo_w--/YXBwaWQ9aGlnaGxhbmRlcjt3PTEyMDA7aD04MDA7Y2Y9d2VicA--/https://media.zenfs.com/en/ap.org/00dae4b7aac8ec0aeb7e150da12e92e6,,"CHICAGO (AP) Large swaths of the U.S. prepared for one of the seasons first blasts of wintry weather Sunday as temperatures dipped and snow fell in the Northern Plains, snowstorms developed eastward … [+2070 chars]",
21c153c93c996f9ffb28cd063d91259b,2025-11-09T19:05:26Z,'snowfall',biztoc.com,en,0.9,Winter Storm Warning: 'Dangerous to Impossible' Travel Conditions,A winter storm warning is in effect as the Midwest braces for a lake effect snowfall.,https://biztoc.com/x/e9b47bf42929b421,https://biztoc.com/cdn/950/og.png,,"A winter storm warning is in effect as the Midwest braces for a lake effect snowfall.
This story appeared on newsweek.com, 2025-11-09 18:52:23.",
ada65ef5b84183606e6a57757f262f2e,2025-11-09T19:20:54Z,'snowfall',financialpost.com,en,0.1,"Rising Polar Vortex Threat for US, Asia and Europe Signals Higher Winter Energy Bills","Extreme cold risks boosting power and gas costs, forecasters say.",https://financialpost.com/pmn/business-pmn/rising-polar-vortex-threat-for-us-asia-and-europe-signals-higher-winter-energy-bills,,,"There is a chance for more snow in the Midwest and Northeast this year, with the exception of large cities along the coast from Washington to New York, according to AccuWeather Inc.
Intense cold wou… [+2882 chars]",
bae4ab6276083512efb13b7fda5a5601,2025-11-09T20:56:15Z,'snowfall',www.fox6now.com,en,0.1,Winter weather advisory issued for southeast Wisconsin,"A winter weather advisory has been issued across Milwaukee, Racine and Kenosha counties from 7 p.m. Sunday, Nov. 9 through 6 a.m. Monday, Nov. 10.",https://www.fox6now.com/weather/winter-weather-advisory-issued-southeast-wisconsin,https://images.foxtv.com/static.fox6now.com/www.fox6now.com/content/uploads/2025/11/1280/720/1.jpg?ve=1&tl=1,,"MILWAUKEE - The National Weather Service has issued a winter weather advisory from 7 p.m. Sunday, Nov. 9 through 6 a.m. Monday, Nov. 10.
This is for Milwaukee, Racine, and Kenosha counties, where he… [+1756 chars]",
de049af3b7d71b237077c741fd3e36e7,2025-11-09T21:03:53Z,'snow',pypi.org,en,0.0,snow-docs 1.0.1,A simple CLI to quickly search for the Snowflake documentation references,https://pypi.org/project/snow-docs/1.0.1/,,,"A required part of this site couldnt load. This may be due to a browser
 extension, network issues, or browser settings. Please check your
 connection, disable any ad blockers, or try using a diffe… [+12 chars]",
f4f2d1f4dfd64798b85254f1844a2387,2025-11-09T21:10:59Z,'snow',slickdeals.net,en,0.0,Michelin CrossClimate2 All-Season 235/55R18 100V Passenger Tire (Single Tire) $204 + Free Shipping,"Found these tires for $204 on Walmart.com (not as low as a few months ago, but still a great deal for an excellent quiet, snow-capable tire), went to discounttire.com and clicked on their ""Found it...",https://slickdeals.net/f/18783406-michelin-crossclimate2-all-season-235-55r18-100v-passenger-tire-single-tire-204-free-shipping,https://slickdeals.net/attachment/3/2/4/6/0/1/3/0/450x450/18676606.thumb,,Amazon has Michelin CrossClimate2 All-Season235/55R18 100VPassenger Tire (Single Tire) on sale for $204. Shipping is free.Walmart also has Michelin CrossClimate2 All-Season235/55R18 100VPassenger Tir… [+894 chars],
400fb1d82e79ea67adbc4888ff862d39,2025-11-09T21:28:09Z,'snow',rollingout.com,en,0.0,Chicago braces as historic snowstorm bears down Monday,"Dangerous winter conditions threaten Monday morning commute as intense bands could dump over a foot of snow
The post Chicago braces as historic snowstorm bears down Monday appeared first on Rolling Out.",https://rollingout.com/2025/11/09/chicago-braces-for-lake-effect-snowstorm/,https://rollingout.com/wp-content/uploads/2025/11/shutterstock_2240436423.jpg,,"Chicago-area residents awoke Sunday morning to an unwelcome reminder that winter has firmly arrived, as snowflakes began falling across the region and wet, slippery conditions complicated early morni… [+4086 chars]",
863d822ca11791b0253b4c2d1ce81aa3,2025-11-09T22:00:19Z,'snow',screenrant.com,en,0.0,Gunpowder: The HBO Epic Perfect For Game Of Thrones Fans,"If you loved Game of Thrones, and you particularly like Kit Harrington as Jon Snow, you need to check out Gunpowder, HBO's 2017 historical epic.",https://screenrant.com/hbo-gunpowder-kit-harington-show/,https://static0.srcdn.com/wordpress/wp-content/uploads/2025/11/game-of-thrones_64d252-1.jpg?w=1600&h=900&fit=crop,,"Fans of Game of Thrones should check out HBO's historical epic Gunpowder, which currently has a 72% on Rotten Tomatoes. Game of Thrones ended about six years ago, and despite the drop in quality towa… [+2542 chars]",
3a16d8e58a783033b1563a826c4c0f76,2025-11-09T22:08:30Z,'snow',www.cbc.ca,en,0.0,GTA's first snowfall causes transport chaos,"Up to 10 cm of snow is expected throughout the GTA on Sunday. It’s the earliest occurrence of over 5 cm of snow since 1969, the Weather Network posted on social media.",https://www.cbc.ca/news/canada/toronto/gta-first-snowfall-car-crashes-flight-delays-9.6972861,"https://i.cbc.ca/ais/ec16c9ad-e504-49b5-8100-373ca31cc554,1762726597760/full/max/0/default.jpg?im=Crop%2Crect%3D%2824%2C0%2C1248%2C702%29%3BResize%3D620",,"Up to 10 cm of snow is expected throughout the GTA on Sunday. Its the earliest occurrence of over 5 cm of snow since 1969, the Weather Network posted on social media. 
But the dump of snow has been … [+1240 chars]",
badf039c4c91b7d88b1f5ab861afb34f,2025-11-09T22:25:58Z,'snow',gizmodo.com,en,0.0,Here’s How Many Flights Have Been Cancelled—and How Much Worse It’s About to Get,It's roughly at the level you would see in a light snow storm. For now.,https://gizmodo.com/how-many-flights-canceled-2000683517,https://gizmodo.com/app/uploads/2025/11/shutterstock_1652734993-1200x675.jpg,http://web.archive.org/web/20251110034036/https://gizmodo.com/how-many-flights-canceled-2000683517,"The government has been shutdown for a record 39 days, and many aspects of everyday life that hinge on government funding are feeling the pinch. One of the industries hit the hardest is air travel.
… [+4001 chars]",
f4d23872282778089b784b925e20b044,2025-11-09T22:31:13Z,'snow',www.fox32chicago.com,en,0.0,Chicago weather: Near-impossible travel possible with double-digit snow totals in heaviest areas,Get ready for Chicagoland’s first real dose of Winter tonight and Monday.,https://www.fox32chicago.com/weather/chicago-weather-near-impossible-travel-possible-double-digit-snow-totals-heaviest-areas,https://s.yimg.com/ny/api/res/1.2/66ULD3l3KePLbqnNlU576Q--/YXBwaWQ9aGlnaGxhbmRlcjt3PTEyMDA7aD02NzU7Y2Y9d2VicA--/https://media.zenfs.com/en/wfld_fox_local_articles_610/205f3d2dd9e8e43742a437fe416f5c8d,,"The Brief
<ul><li>Chicagoland is bracing for its first major winter storm of the season Sunday night into Monday, with heavy lake-effect snow expected to create dangerous travel conditions and white… [+4700 chars]",
42c32dc413b0ead6e6d6f8caf2c22e75,2025-11-09T22:46:10Z,'snow',www.yahoo.com,en,0.0,Flurries fall in parts of Miami Valley for first snowfall of season,The first flurries of the season are coming down in parts of the Miami Valley.,https://www.yahoo.com/news/articles/flurries-fall-parts-miami-valley-224610747.html,https://media.zenfs.com/en/whio_cox_articles_828/78e37dfefb703887c38b157a4523a10b,,"The first flurries of the season are coming down in parts of the Miami Valley.
[DOWNLOAD: Free WHIO-TV News app for alerts as news breaks]
Our Storm Center 7 continues to TRACK this weather pattern… [+872 chars]",
469abb76c3d704e7b4e98eb85859ca0c,2025-11-09T23:01:34Z,'snow',abcnews.go.com,en,0.0,Meteorologists warn of 'intense' snow in Great Lakes states and record lows in South,Large stretches of the U.S. await one of the season’s first blasts of wintry weather as temperatures dropped in the Northern Plains and snowstorms developed across the Great Lakes,https://abcnews.go.com/US/wireStory/meteorologists-warn-intense-snow-great-lakes-states-record-127362264,https://i.abcnewsfe.com/a/ef9aadbd-b54f-43ac-b9de-4735b813aee4/wirestory_34919c171b8ecebcad4ecab6708c0712_16x9.jpg?w=1600,,"CHICAGO -- Large swaths of the U.S. prepared for one of the seasons first blasts of wintry weather Sunday as temperatures dipped and snow fell in the Northern Plains, snowstorms developed eastward ac… [+2069 chars]",
432f153754b119c3c9aa62d6ccfce1d3,2025-11-09T23:01:48Z,'snow',leancrew.com,en,0.0,Snow and memory,"Two things came together over the past few days. First was my longstanding belief that winters here in the Chicago area were snowier when I was a kid than they are now. I’m not sure why that popped back into my head, but it did. Second was my concern that I’v…",https://leancrew.com/all-this/2025/11/snow-and-memory/,https://leancrew.com/all-this/images2025/20251108-Chicago%20area%20snowfall.png,,"Previous post
November 9, 2025 at 5:01 PM by Dr. Drang
Two things came together over the past few days. First was my longstanding belief that winters here in the Chicago area were snowier when I wa… [+9128 chars]",
6090dfb9df665fde639f56ee118e226c,2025-11-09T23:25:05Z,'snow',rollingout.com,en,0.0,Why school closings won’t happen despite heavy snowfall,Students and parents in West Michigan can expect normal school schedules Monday despite ongoing lake-effect snow conditions affecting portions of the region. Weather forecasters and school officials have determined that winter precipitation will clear in time…,https://rollingout.com/2025/11/09/school-closings-happen-heavy-snowfall/,https://rollingout.com/wp-content/uploads/2024/12/shutterstock_2151107437.jpg,,Students and parents in West Michigan can expect normal school schedules Monday despite ongoing lake-effect snow conditions affecting portions of the region. Weather forecasters and school officials … [+3679 chars],
d0502b0f341bcad8a194bed2cc778e77,2025-11-09T23:38:56Z,'snowfall',freethoughtblogs.com,en,0.9,ICE and Border Patrol brace for ‘Antifa weather attack’ (Fiction),"Sources within ICE and the Border Patrol are accusing Antifa of unleashing a powerful snowstorm against their officers in the Chicago area. One source said, “We don’t care what the liberal media says. A lake can’t cause snowfall like this. Therefore, it must …",https://freethoughtblogs.com/babbler/2025/11/09/ice-and-border-patrol-brace-for-antifa-weather-attack-fiction/,https://freethoughtblogs.com/babbler/wp-content/themes/ftb2-theme/images/logo.gif,http://web.archive.org/web/20251110171058/https://freethoughtblogs.com/babbler/2025/11/09/ice-and-border-patrol-brace-for-antifa-weather-attack-fiction/,"Sources within ICE and the Border Patrol are accusing Antifa of unleashing a powerful snowstorm against their officers in the Chicago area.
One source said, We dont care what the liberal media says.… [+3210 chars]",
f148c600dc3d282d17bf88b03ac9dd4c,2025-11-09T23:48:53Z,'snow',www.ozbargain.com.au,en,0.0,Google Pixel 7 Pro 128GB Snow/Obsidian $299 Delivered (New Customer Must Add Plan from $30/28-Day) @ amaysim,First post: Another deal from Amaysim Google Pixel 7 Pro for $299 (New customers must add Plan from $30/28 days) 128 GB eSIM 5G Unlocked Obsidian and Snow colour,https://www.ozbargain.com.au/node/932306,https://files.ozbargain.com.au/n/06/932306x.jpg?h=708ebc03,http://web.archive.org/web/20251110000601/https://www.ozbargain.com.au/node/932306,"$10 credit for both referrer and referee for mobile plan.
The referrer must be an UNLIMITED mobile plan customer with auto-renewal turned on. Referee must sign up to an UNLIMITED mobile plan or AS Y… [+90 chars]",
3141e292bc5ae3bc02fb2a5c80635101,2025-11-10T00:00:00Z,'snow climate change',www.nationalgeographic.com,en,0.0,What is lake-effect snow? Here’s how climate change is altering it,"Warmer waters are fueling stronger, snowier storms—at least for now. Here’s how scientists think this phenomenon will evolve as the planet gets hotter.",https://www.nationalgeographic.com/environment/article/lake-effect-snow-climate-change,https://i.natgeofe.com/n/b7e9376b-bb4c-4e0a-8b9f-afd94ae5452f/h_11.02328214_16x9.jpg?w=1200,http://web.archive.org/web/20251110232852/https://www.nationalgeographic.com/environment/article/lake-effect-snow-climate-change,"The models all suggest that in the short run, maybe we'll get more lake-effect or lake snow, but eventually the air just becomes too warm and it all becomes mostly rain, Burnett explains. 
While som… [+900 chars]",
9d156de190e06e5151902486db93ea51,2025-11-10T00:26:15Z,'snow',www.cbc.ca,en,0.0,"Atlético Ottawa, Cavalry FC battle for North Star Cup in driving snow",The two sides have been fighting the conditions as much as each other in the Canadian Premier League final Sunday night in Ottawa.,https://www.cbc.ca/news/canada/ottawa/atletico-ottawa-cavalry-fc-battle-for-north-star-cup-in-driving-snow-9.6972529,"https://i.cbc.ca/ais/5ac4ed65-c25f-4dbe-8605-a36319800041,1762733126819/full/max/0/default.jpg?im=Crop%2Crect%3D%280%2C406%2C7795%2C4384%29%3BResize%3D620",,"It's been a stereotypically Canadian battle for the North Star Cup between Atlético Ottawa and Cavalry FC.
The two Canadian Premier League sides have been fighting the conditions in Ottawa as much a… [+863 chars]",
dc0a0604b8adf65dc18b2a1226f5eb23,2025-11-10T00:26:15Z,'snow',www.cbc.ca,en,0.0,Atlético Ottawa top Cavalry FC in driving snowstorm to win 1st ever CPL title,A pair of goals from David Rodriguez led Atlético Ottawa to a 2-1 win over Cavalry FC and their first ever North Star Cup on a snowy night in the nation's capital.,https://www.cbc.ca/news/canada/ottawa/atletico-ottawa-top-cavalry-fc-in-driving-snowstorm-to-win-1st-ever-cpl-title-9.6972529,"https://i.cbc.ca/ais/5ac4ed65-c25f-4dbe-8605-a36319800041,1762733126819/full/max/0/default.jpg?im=Crop%2Crect%3D%280%2C406%2C7795%2C4384%29%3BResize%3D620",,"Atlético Ottawa have claimed their first ever Canadian Premier League title, winning a chilly November thriller 2-1 in extra time over Calgary-based Cavalry FC.
David Rodriguez scored the game winne… [+1023 chars]",
2b99db684ee4469ea338bd2a0a69a68f,2025-11-10T01:05:46Z,'snow',kyweathercenter.com,en,0.0,Our First Blast of Winter Moves In,"Good evening, everyone. I wanted to drop by for a quick update as the first round of snow showers and flurries move through the region. This will be followed by brutal wind chills and heavier rounds of snow showers and snow squalls on Monday. Temps continue t…",https://kyweathercenter.com/?p=73539,,,"Good evening, everyone. I wanted to drop by for a quick update as the first round of snow showers and flurries move through the region. This will be followed by brutal wind chills and heavier rounds … [+1975 chars]",
e0016b1e1ddbafd7343959bcbe610191,2025-11-10T01:20:49Z,'snow',financialpost.com,en,0.0,First snowfall of season hits southern Ontario and Quebec,"TORONTO — Several parts of southern Ontario and Quebec saw their first snowfall of the season and special weather statements from Environment Canada on Sunday. The federal weather agency issued special weather statements from London, Ont., in the province’s s…",https://financialpost.com/pmn/first-snowfall-of-season-hits-southern-ontario-and-quebec,,,"TORONTO Several parts of southern Ontario and Quebec saw their first snowfall of the season and special weather statements from Environment Canada on Sunday.
THIS CONTENT IS RESERVED FOR SUBSCRIBERS… [+4229 chars]",
3858a0dc61a9c49bdd7ab9ab70f3747b,2025-11-10T02:13:20Z,'snow',slashdot.org,en,0.0,"'Ferocious' Winter Storm Could Drop 8 Inches Of Snow Overnight Sunday, Weather Service Says - Block Club Chicago","'Ferocious' Winter Storm Could Drop 8 Inches Of Snow Overnight Sunday, Weather Service SaysBlock Club Chicago Chicago snow storm today: Winter Storm Warning issued for parts of area for possibly dangerous lake-effect snow conditionsABC7 Chicago Chicago-area s…",https://slashdot.org/firehose.pl?op=view&amp;id=180021856,,,The Fine Print: The following comments are owned by whoever posted them. We are not responsible for them in any way.,
7b10b259df08a447070ea34a447f3e1c,2025-11-10T02:15:15Z,'snowfall',english.khabarhub.com,en,0.1,Economic Digest: Nepal’s Business News in a Snap,"KATHMANDU: Economic Digest offers a concise yet comprehensive overview of significant business happenings in Nepal, presented in easily digestible summaries. Nepal’s economy reflected mixed signals on Sunday, with the stock market, trade, and fiscal sectors s…",https://english.khabarhub.com/2025/10/505255/,https://english.khabarhub.com/wp-content/uploads/2024/05/Economic-Digest.jpg,,"KATHMANDU: Economic Digest offers a concise yet comprehensive overview of significant business happenings in Nepal, presented in easily digestible summaries.
Nepals economy reflected mixed signals o… [+7107 chars]",
18f004d8dd14432dda73ba4804baadff,2025-11-10T02:53:10Z,'snow',sports.yahoo.com,en,0.0,"After plows clear field for overtime, Ottawa beats Calgary 2-1 in snowy North Star Cup","David Rodriguez scored his second goal of the game in the 106th minute and Atletico Ottawa won the Canadian Premier League's North Star Cup in a snowstorm Sunday night, beating defending champions Cavalry FC of Calgary 2-1. In the 33rd minute, Cavalry defende…",https://sports.yahoo.com/article/plows-clear-field-overtime-ottawa-025310539.html,https://s.yimg.com/ny/api/res/1.2/e1.IbeZ6ZxHO3zikBH35Bw--/YXBwaWQ9aGlnaGxhbmRlcjt3PTEyMDA7aD04MDA7Y2Y9d2VicA--/https://media.zenfs.com/en/ap.org/4b3e2e985d4985cd1005183740844cd4,,"OTTAWA, Ontario (AP) David Rodriguez scored his second goal of the game in the 106th minute and Atletico Ottawa won the Canadian Premier League's North Star Cup in a snowstorm Sunday night, beating d… [+584 chars]",
b1a131f567a06447390720625eb01ad3,2025-11-10T04:37:28Z,'snow',www.nbcnews.com,en,0.9,Arctic blast to bring frigid temperatures to most of the U.S.,An arctic blast dumping snow on the Midwest on Sunday is expected to eventually cover two-thirds of the nation and bring record cold to the South,https://www.nbcnews.com/news/us-news/arctic-blast-bring-frigid-temperatures-us-rcna242932,"https://media-cldnry.s-nbcnews.com/image/upload/t_nbcnews-fp-1200-630,f_auto,q_auto:best/rockcms/2025-11/251109-winter-weather-illinois-cc-1135p-c8e72f.jpg",,"An arctic blast dumping snow on the Midwest on Sunday is expected to eventually cover two-thirds of the nation and bring record cold to the South.
The Arctic blast broke off from the polar vortex ab… [+3678 chars]",
bcdb6a446c59a31aebde6da7d2e02e92,2025-11-10T04:48:03Z,'snowfall',dailycaller.com,en,0.1,Blizzard Generates One Of Craziest Scenes You’ll Ever See In Sports,"Atlético Ottawa, the sister club of Atlético Madrid, faced off against Calvary FC (Calgary) in one of the wildest finals we've ever seen in world soccer.",https://dailycaller.com/2025/11/09/blizzard-canadian-premier-league-atletico-madrid-calvary-fc-soccer-snow/,"https://images.dailycaller.com/image/width=1280,height=549,fit=cover,format=webp,f=auto/https://cdn01.dailycaller.com/wp-content/uploads/2025/11/GettyImages-1236864250-scaled-e1762749768665.jpg",,"Beautiful, remarkable, absolutely incredible.
As time goes along, Major League Soccer gets more and more tempted to switch over to a European-style calendar, and if that happens, we’re going to end … [+2290 chars]",
1758cba0a215e425cde0d370efd2faeb,2025-11-10T05:34:07Z,'snowfall',finance.yahoo.com,en,0.1,5 Insightful Analyst Questions From Douglas Dynamics’s Q3 Earnings Call,"Douglas Dynamics’ third quarter saw sales climb on the back of robust demand in its Work Truck Solutions segment, though revenues modestly lagged Wall...",https://finance.yahoo.com/news/5-insightful-analyst-questions-douglas-053407535.html,https://s.yimg.com/ny/api/res/1.2/LSKtPoaErOMZCTjv3IAX8g--/YXBwaWQ9aGlnaGxhbmRlcjt3PTEyMDA7aD02MDA-/https://media.zenfs.com/en/stockstory_922/cea557d9eaf1269bb3b6794805307e1a,,"Douglas Dynamics third quarter saw sales climb on the back of robust demand in its Work Truck Solutions segment, though revenues modestly lagged Wall Streets expectations. Management credited the ove… [+4724 chars]",
9698c3a2bca97db6d3e674194e08104b,2025-11-10T07:15:20Z,'snowfall',yle.fi,en,0.1,"Monday's papers: Climate crisis, weather warning, and football ""fans""","President Alexander Stubb and Climate Minister Sari Multala (NCP) are representing Finland at the United Nations Climate Change Conference, or COP30.",https://yle.fi/a/74-20193042,"https://images.cdn.yle.fi/image/upload/c_crop,x_0,y_218,w_3962,h_2228/w_1200,ar_1.91,c_fill/q_auto:eco,f_auto,fl_lossy/v1762755665/39-154736269061c5a9a862",,"Many Finnish newspapers carry reports or op-eds on the United Nations Climate Change Conference, or COP30, which begins in the Brazilian city of Belem on Monday.
The annual conferences are the only … [+4288 chars]",
f7f0f4121239d84c3dfc5b883ed44621,2025-11-10T07:22:00Z,'snowfall',jacquelynclark.com,en,0.9,The First Snowfall – Sparking Holiday Spirit,"It finally snowed this weekend, the very first of the season, and suddenly, everything shifted. I’ve always adored this time of year, but I’ll admit I wasn’t fully feeling inspired to decorate until those first flakes hit the ground. We spent the day cozied u…",https://jacquelynclark.com/2025/11/10/cozy-christmas-decorating-ideas/,https://jacquelynclark.com/wp-content/uploads/2025/11/Beautiful-Christmas-Decor-01.jpg,,"It finally snowed this weekend, the very first of the season, and suddenly, everything shifted. Ive always adored this time of year, but Ill admit I wasnt fully feeling inspired to decorate until tho… [+1171 chars]",
3d536a9cf713ca5a50d621e3d363dd3d,2025-11-10T08:45:30Z,'snowfall',www.israelnationalnews.com,en,0.9,Significant rainfall expected over weekend,"Hot, dry summer weather to give way to heavy rainfall, season's first snowfall on Mount Hermon.",https://www.israelnationalnews.com/news/417554,https://2.a7.org/files/pictures/000/1203017.jpg,,"After several days of hot, dry weather, forecasters are predicting a sharp change in the coming days. According to Meteo-Tech meteorologist Tzachi Waxman, a gradual changw in temperatures and haze wi… [+1217 chars]",
206bba12f3be5ae6e1183ad0a2bce5ba,2025-11-10T09:55:04Z,'snow ice',lithub.com,en,0.9,The Sorrow of Angels,"Somewhere within the murky snowfall and frost, evening is falling, and the April darkness squeezes between snowflakes that pile up on the man and the two horses. Everything is white with snow and ice, yet spring is on its way.",https://lithub.com/the-sorrow-of-angels/,https://s26162.pcdn.co/wp-content/uploads/2025/10/9781771966801_FC-1-1015x1500-1.jpg,,"Somewhere within the murky snowfall and frost, evening is falling, and the April darkness squeezes between snowflakes that pile up on the man and the two horses. Everything is white with snow and ice… [+9285 chars]",
6a6fdf1d8eaf02e4bc8c91e53b042135,2025-11-10T10:27:53Z,'snowfall',biztoc.com,en,0.0,Winter Storm Warnings as 15 Inches of Snow To Strike,"Heavy snow, ice, and strong, gusty winds are expected to affect 13 states across the U.S. with the National Weather Service (NWS) issuing winter storm warnings to the affected areas, which could see up to 15 inches of snowfall from Sunday night through Monday…",https://biztoc.com/x/354f8327f898055a,https://biztoc.com/cdn/354f8327f898055a_s.webp,,"Heavy snow, ice, and strong, gusty winds are expected to affect 13 states across the U.S. with the National Weather Service (NWS) issuing winter storm warnings to the affected areas, which could see … [+143 chars]",
a16bccb166b1ad1c9d5cf64d4189b50e,2025-11-10T10:45:38Z,'winter service',www.fox6now.com,en,0.0,"Milwaukee Weather: Lake effect snow early, cold and windy","Winter Weather Advisory for Milwaukee, Racine and Kenosha until 6am on Monday Flurries or a dusting of light snow may return late Monday night into Tuesday morning before winds shift southwest and temperatures climb into the 40s.",https://www.fox6now.com/weather/milwaukee-weather-forecast-today-111025,https://images.foxtv.com/static.fox6now.com/www.fox6now.com/content/uploads/2025/08/1280/720/web_wxexperts-2024-2_forecast-signup_1280x720.jpg?ve=1&tl=1,,"Forecast from FOX6 Chief Meteorologist Rob Haswell
MILWAUKEE - Winter Weather Advisory for Milwaukee, Racine and Kenosha until 6am on MondayFlurries or a dusting of light snow may return late Monday… [+1947 chars]",
9bd0c676d598a62a7a8ecfa4de2c5fb7,2025-11-10T12:13:39Z,'snow',slashdot.org,en,0.0,Winter Storm Warning continues for Chicago area as heavy snow falls - CBS News,"Winter Storm Warning continues for Chicago area as heavy snow fallsCBS News Snow blasts Chicago: Schools closings, canceled flights and impacted roadsFOX 32 Chicago O'Hare closed overnight, numerous flight cancellations amid Chicago area winter stormCBS News …",https://slashdot.org/firehose.pl?op=view&amp;id=180024944,,http://web.archive.org/web/20160119174443/http://slashdot.org/firehose.pl?op=view,The Fine Print: The following comments are owned by whoever posted them. We are not responsible for them in any way.,
dd2fc0819830a8f9f99e6692ed84149c,2025-11-10T12:16:18Z,'winter service',www.nbcnews.com,en,0.0,Shutdown deal in sight and Arctic blast kicks off storm season: Morning Rundown,An end to the shutdown is in sight after Senators clear a key vote for a deal. An Arctic blast dumps snow on the Midwest. And recapping Chargers vs. Steelers.,https://www.nbcnews.com/news/us-news/shutdown-deal-arctic-blast-storm-season-morning-rundown-rcna242952,"https://media-cldnry.s-nbcnews.com/image/upload/t_nbcnews-fp-1200-630,f_auto,q_auto:best/rockcms/2025-11/251104-government-shutdown-capitol-lr-6cef1e.jpg",,In todays newsletter: An end to the shutdown could be in sight after senators clear a key vote for a deal. An Arctic blast leaves more than 105 million Americans under winter weather bulletins. And t… [+7077 chars],
37b7c14aeae39f63b5d1933361477c47,2025-11-10T13:00:22Z,'snow',www.denverpost.com,en,0.0,"How to get ready for ski season: rentals, passes, transportation and more","If you're all set for ski season with passes bought and gear ready for action, congratulations. Now all you need is snow. If you aren't ready, though, here is some helpful information with the season just days away.",https://www.denverpost.com/2025/11/10/ski-season-passes-tickets-colorado/,https://www.denverpost.com/wp-content/uploads/2024/01/TDP-L-SUMMIT-COUNTY-SKI_JAC1358.jpg?w=1024&h=769,,"If you’re all set for ski season with passes bought and gear ready to ride, congratulations. Now all you need is snow.
If you aren’t ready, though, here is some helpful information as the season app… [+6259 chars]",
b7105d1187b3429b609be8be0ef40165,2025-11-10T14:54:46Z,'winter service',www.blogto.com,en,0.0,TTC descended into chaos Monday morning and everyone is blaming snow,"Toronto's first snow event of the season kicked off on Sunday and continues into the Monday morning rush, but a series of coinciding unplanned TTC outages have put commuters in a sour mood to start out the work week.Even if snow had nothing to do with it.Shor…",https://www.blogto.com/city/2025/11/ttc-chaos-monday-everyone-blaming-snow/,https://blogto-production2-baselayer-display.blogto.com/articles/20251110-ttc-outage-monday.jpg?w=1200&cmd=resize_then_crop&height=630&quality=70&format=jpeg,http://web.archive.org/web/20251110175849/https://www.blogto.com/city/2025/11/ttc-chaos-monday-everyone-blaming-snow/,"Toronto's first snow event of the season kicked off on Sunday and continues into the Monday morning rush, but a series of coinciding unplanned TTC outages have put commuters in a sour mood to start o… [+2253 chars]",
8ad1820309d6a27f06116b5b4a4de2ec,2025-11-10T18:53:01Z,'snow',wgntv.com,en,0.0,"Snow totals vary across Chicagoland, with nearly a foot reported in some areas","The first snow of the season has brought measurable snow totals to the Chicago area, with some areas in Northwest Indiana receiving up to 12 inches of snow, ...",https://wgntv.com/weather/weather-blog/snow-totals-vary-across-chicagoland-with-nearly-a-foot-reported-in-some-areas/,https://media.zenfs.com/en/wgn_chicago_articles_646/e3b5a04b39212d77f40e47c32630c94c,,"CHICAGO  The first snow of the season arrived Monday, giving much of the Chicago area a fairly measurable accumalation.
Lake County and Kankakee counties in Illinois, along with several cities in No… [+1361 chars]",
920e7ddb1ab935644dfc5b42afd4f366,2025-11-10T20:24:17Z,'snow',www.pbs.org,en,0.9,Arctic air hits much of U.S. in season’s first blast of frigid air,"A blast of the season’s first frigid air was bearing down on much of the U.S., bringing the prospect of snow to parts of the country and plunging temperatures in Florida.",https://www.pbs.org/newshour/nation/arctic-air-hits-much-of-u-s-in-seasons-first-blast-of-frigid-air,https://d3i6fh83elv35t.cloudfront.net/static/2025/11/AP25314633111049-1024x683.jpg,,"A blast of the season’s first frigid air was bearing down on much of the U.S. on Monday, bringing the prospect of snow to parts of the country, and plunging temperatures in Florida though it is uncle… [+4356 chars]",
4d5577234952c72795b12e5bad80fa71,2025-11-10T23:41:06Z,'snow',www.foxsports.com,en,0.1,"10 Takeaways from Week 11: From Indiana’s Catch to Oregon’s Kick, Chaos Reigns","Week 11 delivered everything college football fans crave — drama, upsets, and a playoff picture that’s messier than ever. FOX Sports' Laken Litman offers up 10 takeaways from Week 11.",https://www.foxsports.com/stories/college-football/10-takeaways-from-week-11-from-indianas-catch-oregons-kick-chaos-reigns,https://a57.foxsports.com/statics.foxsports.com/www.foxsports.com/content/uploads/2025/11/1408/814/indiana1.jpg?ve=1&tl=1,,"Week 11 delivered everything college football fans crave drama, upsets, and a playoff picture thats messier than ever.
So what better way to start the week than by reflecting on the best moments fro… [+7400 chars]",
57a8c7667adfb09333394719136c5e1b,2025-11-10T23:51:19Z,'snow',biztoc.com,en,0.1,"Polar Blast Sweeps Across U.S. East, Unleashing First Snow Of Season","Polar Blast Sweeps Across U.S. East, Unleashing First Snow Of Season
 
Global-warming alarmists and their Democratic Party allies, brainwashed by the globalist climate-hoax cult, are likely scratching their heads as Monday morning gets underway. 
A winter jac…",https://biztoc.com/x/b74511cdd084f8cb,https://biztoc.com/cdn/b74511cdd084f8cb_s.webp,,"Polar Blast Sweeps Across U.S. East, Unleashing First Snow Of Season
Global-warming alarmists and their Democratic Party allies, brainwashed by the globalist climate-hoax cult, are likely scratching… [+145 chars]",
cb4a2a8e394ba37d264628bd3680d121,2025-11-11T00:00:00Z,'snow',www.eonline.com,en,0.1,Winter Running Gear Must-Haves That Will Keep You Toasty,"Real runners know that training doesn't stop even when cold temperatures arrive. They also know that winter runs require special gear to achieve peak performance. 
Your go-to leggings and tank top...",https://www.eonline.com/news/1424866/winter-running-gear-on-amazon-thatll-keep-you-warm,"https://akns-images.eonline.com/eol_images/Entire_Site/20251110/7a3bf3aa-862b-47ca-abd5-9061dc6aa9ed_1762801254.jpg?fit=around%7C1080:1080&output-quality=90&crop=1080:1080;center,top",,"Real runners know that training doesn't stop even when cold temperatures arrive. They also know that winter runs require special gear to achieve peak performance. 
Your go-to leggings and tank top w… [+6576 chars]",
3b735132ba2171bc45a773e605812bf1,2025-11-11T00:00:00Z,'snow',bmcgenomics.biomedcentral.com,en,0.1,Transcriptome sequencing reveals Vmplc1 involved in regulating the pathogenicity of Valsa Mali under low temperature induction,"Background Apple Valsa canker (AVC), caused by the fungal pathogen Valsa mali (Vm), results in significant economic losses in Chinese apple orchards. Although cold priming has been shown to enhance the pathogenicity of Vm, the underlying molecular mechanisms …",https://bmcgenomics.biomedcentral.com/articles/10.1186/s12864-025-12303-4,https://media.springernature.com/full/springer-static/cover-hires/journal/12864,,"<li>Feng H, Wang C, He Y, Tang L, Han P, Liang J, et al. Apple valsa canker: insights into pathogenesis and disease control. Phytopathol Res. 2023;5:45.
Google Scholar 
</li><li>Cao KQ, Guo LY, Li … [+14374 chars]",
92898b1a20ec7a41e0e3389532ca9c53,2025-11-11T00:15:20Z,'snow',www.bringonthecats.com,en,0.1,Kansas State Football: Too Many Off-Season Misses,The 2025 roster has not come together the way the coaching staff envisioned.,https://www.bringonthecats.com/kansas-state-football/28257/kansas-state-football-too-many-off-season-misses,https://platform.bringonthecats.com/wp-content/uploads/sites/46/2025/11/imagn-27184757.jpg?quality=90&strip=all&crop=0%2C10.732984293194%2C100%2C78.534031413613&w=1200,,"The previous game against Texas Tech was the first game of the season where I felt the other team was simply better than Kansas State. The Wildcats fought hard, Avery played a gutsy game under consta… [+5530 chars]",
4401ffa2eac7e2b59acbd1f1eccd4fb0,2025-11-11T00:33:00Z,'snow',www.cbsnews.com,en,0.9,Parts of Midwest digging out after early winter snow storm,"Winter has thrown its first punch of the season, socking parts of the Great Lakes with over a foot of snow. Ian Lee has the latest and Lonnie Quinn has the forecast.",https://www.cbsnews.com/video/parts-of-midwest-digging-out-after-early-winter-snow-storm/,https://assets2.cbsnewsstatic.com/hub/i/r/2025/11/11/ddfb0f52-6f49-47bd-82ab-695e4d27cb62/thumbnail/1200x630/917db81f67c9a60b16b16962cf86bb1f/cbsn-fusion-parts-of-midwest-digging-out-after-early-winter-snow-storm-thumbnail.jpg,,Copyright ©2025 CBS Interactive Inc. All rights reserved.,
91884007da0120fb9118699563654f09,2025-11-11T00:33:06Z,'snow',www.wsbtv.com,en,0.1,Voters faced uphill battle to do civic duty at Cobb polling place,"Voters in Mableton, Cobb County faced significant challenges during the last election from traffic congestion, limited parking and a steep hill at the Thompson Park Community Center polling location.",https://www.wsbtv.com/news/local/cobb-county/voters-faced-uphill-battle-do-civic-duty-cobb-polling-place/XQ3XJH5KVNA4FNM4EVMTLZ6SGU/,https://cmg-cmg-tv-10010-prod.cdn.arcpublishing.com/resizer/v2/https%3A%2F%2Fcloudfront-us-east-1.images.arcpublishing.com%2Fcmg%2F6DRV2XLJABBU3PM4K4QLOJZB7Y.jpeg?auth=830e1bde963ee3fd2920e1f4b144b6d457ef6de9c38314a056965b995646d0bf&width=1200&height=630&smart=true,,"MABLETON, Ga. — Some voters say it was literally an uphill climb trying to cast their ballot at one polling location in the last election.
Voters in Mableton, Cobb County faced significant challenge… [+2059 chars]",
02e4d219b4d92919cb5019b809ade3f0,2025-11-11T00:53:00Z,'snow',www.mitchellrepublic.com,en,0.1,Mitchell-based runners compete at Nike Heartland Regional cross country meet,"Nov. 10—SIOUX FALLS — A number of Mitchell runners competed at the Nike Heartland Regional cross country meet on Sunday, Nov. 9, at Yankton Trail Park. In the boys championship 5K race, reigning Class B high school state champion Silas Holdeman finished in 21…",https://www.mitchellrepublic.com/sports/mitchell-based-runners-compete-at-nike-heartland-regional-cross-country-meet,https://cdn.forumcomm.com/dims4/default/8b2f97e/2147483647/strip/true/crop/1920x1280+0+0/resize/1599x1066!/quality/90/?url=https%3A%2F%2Fforum-communications-production-web.s3.us-west-2.amazonaws.com%2Fbrightspot%2F36%2F61%2Fa2f239104d08ab57a00335875c72%2Fimg-0704.JPG,,"SIOUX FALLS A number of Mitchell runners competed at the Nike Heartland Regional cross country meet on Sunday, Nov. 9, at Yankton Trail Park.
In the boys championship 5K race, reigning Class B high … [+1182 chars]",
57af5719f2ea9b3e80c21c0fab0e64a5,2025-11-11T01:00:00Z,'snow ice',www.newser.com,en,0.1,"Much of US Faces Cold, Snow","Some of this autumn's coldest weather yet is bearing down on the continental US, enveloping the eastern two-thirds in Arctic air on Monday and affecting millions of people. National Weather Service forecasters said the weather could bring record low temperatu…",https://www.newser.com/story/378435/much-of-us-faces-cold-snow.html,https://img1-azrcdn.newser.com/image/1645718-12-20251110190002.jpeg,,"Around Lake Erie, forecasters warned of possible lake-effect snow, where copious amounts can fall in relatively narrow bands, drastically increasing snowfall near the water while leaving nearby areas… [+1280 chars]",
9921545427ff67586b19af78eec84d12,2025-11-11T01:00:43Z,'snow',www.thewrap.com,en,0.1,"Lucy Liu, Lee Byung-hun to Receive Awards at Asian World Film Festival","The festival will screen films from more than 30 Asian countries, including 23 Oscar submissions in the Best International Feature Film category
The post Lucy Liu, Lee Byung-hun to Receive Awards at Asian World Film Festival appeared first on TheWrap.",https://www.thewrap.com/lucy-liu-lee-byung-hun-awards-asian-world-film-festival/,https://www.thewrap.com/wp-content/uploads/2025/11/Lucy-Liu-Lee-Byung-Hun.png,,"Actors Lucy Liu, Lee Byung-hun and Nina Ye, writer-director Daniel Lee and martial artist Michael Jai White will receive awards at the 11th annual Asian World Film Festival in Culver City, AWFF organ… [+2470 chars]",
fa682a4631b5975d482b906c67acc661,2025-11-11T01:14:04Z,'snow',www.cbc.ca,en,0.9,AFC Toronto thumps Montreal Roses FC en route to NSL final,"Esther Okoronkwo scored three times in the first 27 minutes of Monday's semifinal match at snow-covered York Lions Stadium and the regular-season champion AFC Toronto defeated the visiting Montreal Roses 4-1, taking the two-leg aggregate 6-1.",https://www.cbc.ca/sports/soccer/nsl-semifinal-toronto-montreal-2nd-leg-9.6974348,"https://i.cbc.ca/ais/c2f68b9a-1825-42cc-b9ec-1392899b39a4,1762821507644/full/max/0/default.jpg?im=Crop%2Crect%3D%280%2C13%2C637%2C358%29%3BResize%3D620",,"Esther Okoronkwo's goal of making it to the Northern Super League inaugural championship game has been achieved.
The 28-year-old attacker scored three times in the first 27 minutes of Monday's semif… [+1273 chars]",
991daa2000417efd2cadb019c56fc782,2025-11-11T01:16:00Z,'snow climate change',www.crossville-chronicle.com,en,0.1,Stone girls fare well at state meet,"The Stone Memorial Lady Panthers didn’t finish as well as they would have liked last week at the Tennessee Secondary Schools Athletic Association State Cross Country Championships in Memphis. Coach Nichole Barton, sporting one of the youngest rosters she’s ha…",https://www.crossville-chronicle.com/sports/local_sports/stone-girls-fare-well-at-state-meet/article_620f9584-4f96-4ef7-83ff-1337fd5a4070.html,https://bloximages.chicago2.vip.townnews.com/crossville-chronicle.com/content/tncms/assets/v3/editorial/1/d2/1d2c789b-aa1c-415a-9e7b-0c9d23cd10db/6911f097624a5.image.jpg?crop=1662%2C873%2C0%2C187&resize=1200%2C630&order=crop%2Cresize,,"Crossville, TN
(38555)
Today
Snow showers this evening. Becoming clear later. Near record low temperatures. Low 19F. Winds WNW at 10 to 15 mph. Chance of snow 50%..
Tonight
Snow showers this eve… [+151 chars]",
6de54b1d01ba96f4fe7eec6b489acb1c,2025-11-11T01:16:00Z,'snow climate change',www.crossville-chronicle.com,en,0.1,"Stone tops Loudon, can make history Friday",The Stone Memorial Panthers took care of business last week when they knocked off a talented Loudon Redskins team 44-21 in the first round of the Class 4A Playoffs in Crossville. The game went back and forth early. Loudon came to play and fought to match Ston…,https://www.crossville-chronicle.com/sports/local_sports/stone-tops-loudon-can-make-history-friday/article_f8d6de06-b1f1-44c9-910d-1e49d7fae502.html,https://bloximages.chicago2.vip.townnews.com/crossville-chronicle.com/content/tncms/assets/v3/editorial/0/4e/04ecd999-19d4-481a-8ff7-f4a00cf4f17a/6911f1a0d91cd.image.jpg?crop=1763%2C926%2C0%2C124&resize=1200%2C630&order=crop%2Cresize,,"Crossville, TN
(38555)
Today
Occasional snow showers. Near record low temperatures. High 28F. Winds WNW at 10 to 20 mph. Chance of snow 60%. Snow accumulations less than one inch..
Tonight
Some … [+163 chars]",
e006547f68bf7eb36f739fc666073969,2025-11-11T01:31:00Z,'snow',www.gamespot.com,en,0.1,Sunrise On The Reaping New Collector's Gift Edition Is Already Discounted At Amazon,"Sunrise on the Reaping Collector's Gift Edition 
 $24.74 (was $33) | B2G1 Free 
See at Amazon 
The Hunger Games Deluxe Edition Box Set (4 Books) 
 $35.24 (was $70) | B2G1 Free 
See Box Set Deal See all Deluxe Editions 
One of the this year's biggest fic…",https://www.gamespot.com/articles/the-hunger-games-sunrising-on-the-reaping-gift-edition-book-box-set-deals/1100-6535218/,https://www.gamespot.com/a/uploads/screen_kubrick/1595/15950357/4600381-hungergamessuzannecollinsthumbnail.jpg,,"One of the this year's biggest fiction releases is now available in a gorgeous new collectible hardcover edition. Sunrise on the Reaping, the fifth novel in Suzanne Collins' best-selling dystopian se… [+1872 chars]",
b2e348a8873629883dc5ca77d59d31ec,2025-11-11T01:32:00Z,'snow climate change',www.register-herald.com,en,0.1,Prep volleyball state tournament: Woodrow grinds way to another state tournament,"When things become easy or trendy in sports, it can lead to a tendency to take them for granted. A season like the one Woodrow Wilson had last fall on the volleyball court can go a long way to avoiding that. The Flying Eagles were loaded with seniors who alre…",https://www.register-herald.com/sports/prep-volleyball-state-tournament-woodrow-grinds-way-to-another-state-tournament/article_8ad90b9b-75c4-49ba-a30f-00e1333d5003.html,https://bloximages.chicago2.vip.townnews.com/register-herald.com/content/tncms/assets/v3/editorial/a/0d/a0d1ff9e-ebe6-458f-8fc1-e634851ce857/69097260c77ce.image.jpg?crop=1537%2C807%2C0%2C270&resize=1200%2C630&order=crop%2Cresize,,"Beckley, WV
(25801)
Today
Snow this evening will give way to lingering snow showers late. Low 19F. Winds WNW at 10 to 20 mph. Chance of snow 90%. 1 to 3 inches of snow expected..
Tonight
Snow th… [+182 chars]",
e01fef06809d7e1b71ab8bbc954edeef,2025-11-11T01:32:00Z,'snow climate change',www.register-herald.com,en,0.1,College volleyball: WVU Tech to start tournament play at Indiana-Kokomo,"It potentially could be a big week for WVU Tech soccer, with both the men’s and women’s teams trying to sew up berths to the national tournament. But the Golden Bears volleyball team is also ready for the postseason. Tech (6-28 overall, 5-11 RSC) checks into …",https://www.register-herald.com/sports/college-volleyball-wvu-tech-to-start-tournament-play-at-indiana-kokomo/article_72ceee28-9f00-4106-b647-8e19a40e2ce7.html,https://bloximages.chicago2.vip.townnews.com/register-herald.com/content/tncms/assets/v3/editorial/8/60/8606dbfc-874a-11ef-8511-5fcf70d23865/670840399e750.image.jpg?crop=1384%2C727%2C0%2C384&resize=1200%2C630&order=crop%2Cresize,,"Beckley, WV
(25801)
Today
Cloudy with scattered snow showers and flurries becoming a steady accumulating snow later. Low 19F. Winds WNW at 10 to 15 mph. Chance of snow 70%. About one inch of snow … [+238 chars]",
9b23b8bc462070891b5e788b7327d9ef,2025-11-11T01:50:34Z,'snow climate change',www.cinemablend.com,en,0.1,See Jim Carrey And Taylor Momsen Reunite 25 Years After How The Grinch Stole Christmas,Hearts grew three sizes that day,https://www.cinemablend.com/movies/jim-carrey-taylor-momsen-reunite-25-years-after-how-the-grinch-stole-christmas,https://cdn.mos.cms.futurecdn.net/Sq3JaV7SCAHXanuh7myPoh-1280-80.jpg,,"We’re rapidly moving full speed ahead toward the Christmas season. Many have already seen their first snow, Macaulay Culkin is back as Kevin McAllister in a holiday campaign
 for a senior care compa… [+3177 chars]",
26146f5012848a016c9198f729e171a8,2025-11-11T02:00:00Z,'snow',allthatsinteresting.com,en,0.1,55 Revealing Photos Of 1980s Brooklyn That Show How The Borough Changed Throughout The Decade,"See what Brooklyn looked like before the hipsters moved in and gentrification took hold.
The post 55 Revealing Photos Of 1980s Brooklyn That Show How The Borough Changed Throughout The Decade appeared first on All That's Interesting.",https://allthatsinteresting.com/1980s-brooklyn,https://allthatsinteresting.com/wordpress/wp-content/uploads/2025/11/1980s-brooklyn-featured.jpg,,"See what Brooklyn looked like before the hipsters moved in and gentrification took hold.
Nostalgia for the 1980s has been widespread in recent years. Perhaps those who grew up during that decade are… [+13368 chars]",
7a116ee311bac1fc07e383fdfcfa9da8,2025-11-11T02:04:00Z,'snow',mypeoplesreview.com,en,0.1,China’s vast market opportunities on full display at CIIE,"SHANGHAI, Nov. 9 (Xinhua) — Having participated in the China International Import Expo (CIIE) for eight consecutive years, Medtronic, one […]
The post China’s vast market opportunities on full display at CIIE appeared first on Peoples' Review.",https://mypeoplesreview.com/2025/11/11/chinas-vast-market-opportunities-on-full-display-at-ciie/,https://mypeoplesreview.com/wp-content/uploads/2025/11/RT3.jpg,,"SHANGHAI, Nov. 9 (Xinhua) -- Having participated in the China International Import Expo (CIIE) for eight consecutive years, Medtronic, one of the largest medical device companies in the world, has sh… [+6009 chars]",
81b64803d6cfe1765ed060380de67aad,2025-11-11T02:25:00Z,'snow',www.thehindubusinessline.com,en,0.1,"Top Business & Market Headlines Today — BL Morning Report, Nov 11, 2025","Get the latest business and healthcare news: Zydus and Torrent prepare Semaglutide launches, Lenskart’s market debut sees volatility, mass fish deaths hit Kashmir’s Wular Lake, Novo Nordisk and Eli Lilly expand obesity drug presence in India, and Mehli Mistry…",https://www.thehindubusinessline.com/multimedia/audio/top-business-market-headlines-today-bl-morning-report-nov-11-2025/article70263951.ece,https://bl-i.thgim.com/public/multimedia/video/mw1jc2/article70263896.ece/alternates/LANDSCAPE_1200/Copy%20of%20BL%20Morning%20report%201920%20x%201080%20px.png,,"Zydus, Torrent ready Semaglutide launches in India and Brazil
Zydus Lifesciences and Torrent Pharmaceuticals are gearing up for early entry into the fast-growing Semaglutide market for diabetes and … [+2784 chars]",
3c65ba44b1721626d21184280037373c,2025-11-11T02:47:30Z,'snow',thecraftingchicks.com,en,0.1,Christmas Lights Scavenger Hunt — A Fun and Free Printable Family ActivityChristmas Lights Scavenger Hunt,"There’s something magical about piling into the car, turning on Christmas music, and driving through a well-decorated neighborhood filled with twinkling lights. Add in a little friendly competition, laughter, and a free printable scavenger hunt list, and you’…",https://thecraftingchicks.com/christmas-lights-scavenger-hunt/,https://thecraftingchicks.com/wp-content/uploads/2015/11/Christmas-Lights-Scavenger-Hunt-Printable.jpg,http://web.archive.org/web/20241214191807/https://thecraftingchicks.com/christmas-lights-scavenger-hunt/,"Theres something magical about piling into the car, turning on Christmas music, and driving through a well-decorated neighborhood filled with twinkling lights. Add in a little friendly competition, l… [+7256 chars]",
df8391a047cc02b09b4d3c0e5e34a86d,2025-11-11T04:06:31Z,'snow',www.bbc.com,en,0.1,Three easy ways to help you beat the winter blues,"It's easy to feel gloomy in winter, but here are three ways to help you manage the darker days and even embrace them.",https://www.bbc.com/news/articles/c051mdgd1ddo,https://ichef.bbci.co.uk/news/1024/branded_news/78e6/live/fbd7a740-bbbe-11f0-ba75-093eca1ac29b.jpg,,"Now the clocks have gone back and the evenings are darker, many of us are trudging to work and back in the dark and sometimes our mood is lower as well.
We can feel more tired than normal, lack ener… [+3243 chars]",
a88a5ca9fbf15be5c269b90cfc7cdd40,2025-11-11T04:44:24Z,'snowfall',dailycaller.com,en,0.9,"Fierce Winds, Heavy Snow Expected To Blast Northeast California As Winter Storm Charges In",A storm system will be moving through Northeast California by late Wednesday night that is expected to generate strong winds and heavy snowfall.,https://dailycaller.com/2025/11/10/winds-snow-northeast-california-winter-storm-watch/,"https://images.dailycaller.com/image/width=1280,height=549,fit=cover,format=webp,f=auto/https://cdn01.dailycaller.com/wp-content/uploads/2025/11/GettyImages-2049653963-scaled-e1762835157831.jpg",,"A storm system will be moving through Northeast California by late Wednesday night that is expected to generate strong winds and heavy snowfall, including up to 18 inches in the Sierra Nevada mountai… [+1534 chars]",
04b9caedded98b19fe68a7e69025f17d,2025-11-11T04:54:53Z,'snow',post.rlsbb.to,en,0.1,Crocodile Dundee 1986 ENCORE CUT 2160p UHD BluRay x265-SNOW,"Nominated for 1 Oscar 3 wins & 12 nominations total See more awards » Plot: An American reporter travels to the Australian outback to meet eccentric poacher Mick ""Crocodile"" Dundee and invites him to New York City, where he comes face-to-face with the complex…",https://post.rlsbb.to/crocodile-dundee-1986-encore-cut-2160p-uhd-bluray-x265-snow/,,,"Nominated for 1 Oscar 3 wins &amp; 12 nominations total See more awards »
Plot: An American reporter travels to the Australian outback to meet eccentric poacher Mick ""Crocodile"" Dundee and invites h… [+701 chars]",
d626a24eef0efb83c103803f8e59c504,2025-11-11T05:03:00Z,'snow',www.crikey.com.au,en,0.1,ICE threw me out of an immigration courthouse. Not everyone is so lucky,"Every day, hundreds of migrants queue up for court hearings in front of immigration judges inside the vast tower block at 26 Federal Plaza. Not all of them leave. 
The post ICE threw me out of an immigration courthouse. Not everyone is so lucky appeared first…",http://www.crikey.com.au/2025/11/11/ice-arrests-new-york-city/,https://www.crikey.com.au/wp-content/uploads/sites/3/2025/11/20251023147171077948-original.jpg?quality=70&w=1024,,"In The Ones Who Walk Away From Omelas, a 1973 fable from sci-fi and fantasy legend Ursula Le Guin, we are asked to imagine an opaque, utopian city, bright-towered by the sea, whose inhabitants live i… [+273 chars]",
b406311ff80e102d782850de238c4230,2025-11-11T06:02:00Z,'snow',onefootball.com,en,0.9,"☕️ FC Breakfast: goal of the year scored in the snow ❄️, Lewandowski magic ",The Goal of the Year in the Snow ❄️The final of the Canadian championship between Atletico Ottawa and Cavalry FC took place in hellish conditions this Sunday.But despite the -9 degrees showing on ...,https://onefootball.com/en/news/fc-breakfast-goal-of-the-year-scored-in-the-snow-lewandowski-magic-41935337,https://photobooth-api.onefootball.com/api/screenshot/%2Fv2%2Fphotobooth%2Fcms%2Fen%2F41935337%3Fdate=2025-11-11,,"The Goal of the Year in the Snow 
The final of the Canadian championship between Atletico Ottawa and Cavalry FC took place in hellish conditions this Sunday.
But despite the -9 degrees showing on t… [+1266 chars]",
89d52c572c0b4e8ccf172c028a03336e,2025-11-11T06:22:07Z,'snow',kyweathercenter.com,en,0.1,A Warning Shot from Old Man Winter,"Good Tuesday, everyone. Let’s start things out by giving a big thank you to all our Veterans out there! You are very much appreciated! I wish I could give our vets some better weather because it’s still pretty nasty out there. Wicked wind chills start the day…",https://kyweathercenter.com/?p=73571,,,"Good Tuesday, everyone. Let’s start things out by giving a big thank you to all our Veterans out there! You are very much appreciated! I wish I could give our vets some better weather because it’s st… [+2538 chars]",
aee357ab2b43415e4228f55e495b56e4,2025-11-11T06:37:49Z,'snow',timesofindia.indiatimes.com,en,0.1,"GTA 6 new trailer: Rumored gameplay video, expected release date, leaks, and more details","Fans eagerly await GTA 6 Trailer 3, with speculation rife about its release following a recent YouTube video count increase. Despite the game's November 2026 launch, rumors of hidden uploads and in-game tributes fuel anticipation. Rockstar's history of delays…",https://timesofindia.indiatimes.com/sports/esports/gta/gta-6-new-trailer-rumored-gameplay-video-expected-release-date-leaks-and-more-details/articleshow/125242273.cms,"https://static.toiimg.com/thumb/msid-125242287,width-1070,height-580,imgsize-55522,resizemode-75,overlay-toi_sw,pt-32,y_pad-40/photo.jpg",,"<ul><li>News</li>
<li>Sports News</li>
<li>GTA 6 new trailer: Rumored gameplay video, expected release date, leaks, and more details</li></ul>
Fans eagerly await GTA 6 Trailer 3, with speculation … [+3578 chars]",
03b7df3f1d87cd94e99dff4bc016b729,2025-11-11T06:54:54Z,'snow',www.justjared.com,en,0.1,Love Actually's Martine McCutcheon Reunites with Thomas Brodie-Sangster 22 Years Later to Film a New Ad,There’s a Love Actually reunion happening for the holidays! Martine McCutcheon and Thomas Brodie-Sangster have reunited 22 years later to film a new ad together and it looks like we might have it for the holiday season. The former co-stars were spotted filmin…,https://www.justjared.com/2025/11/11/love-actuallys-martine-mccutcheon-reunites-with-thomas-brodie-sangster-22-years-later-to-film-a-new-ad/,https://cdn01.justjared.com/wp-content/uploads/headlines/2025/11/actually-ad.jpg,,"There’s a Love Actually reunion happening for the holidays!
Martine McCutcheon and Thomas Brodie-Sangster have reunited 22 years later to film a new ad together and it looks like we might have it fo… [+690 chars]",
02e1a9fdbc0113ae9e1bb6c4bfd8a4cb,2025-11-11T06:58:25Z,'snow',abcnews.go.com,en,0.1,WATCH: Massive spider web on Greece-Albania border might be world's largest,"Scientists have discovered what might be the largest spider web in the world, found in a cave straddling the border of Greece and Albania.",https://abcnews.go.com/International/video/massive-spider-web-greece-albania-border-worlds-largest-127403282,https://i.abcnewsfe.com/a/eefee998-0996-4d5f-9cec-2f7d782c000e/251111_abc_social_big_web_hpMain_9x16.jpg?w=992,,"<ul><li>Senate passes bill that could end longest shutdown in U.S. history, heads to House
</li><li>Travel nightmare grows as over 7,000 flights canceled since FAA's capacity limit
</li><li>Trump p… [+4682 chars]",
2ffb1d5051b74c039e5fcb03de4ac172,2025-11-11T07:00:59Z,'slippery roads',dramabeans.com,en,0.1,The Dream Life of Mr. Kim: Episodes 5-6,"Our boomer manager is exiled to the countryside in a position meant to signal the end of one’s career. However, he believes that there is still a chance to return, but with each passing day, that hope dwindles. Though he desperately wants to work and be usefu…",https://dramabeans.com/2025/11/the-dream-life-of-mr-kim-episodes-5-6/,https://www.dramabeans.com/wp-content/uploads/2025/11/dreamlifekim0506-1.jpg,,"The Dream Life of Mr. Kim: Episodes 5-6
Our boomer manager is exiled to the countryside in a position meant to signal the end of ones career. However, he believes that there is still a chance to ret… [+9965 chars]",
17a4525eadca109991656c3f39137c05,2025-11-11T07:03:15Z,'snow',slickdeals.net,en,0.1,$6.46: 33-Oz Mrs. MEYER'S Clean Day Liquid Hand Soap Refill (Snow Drop) at Amazon,"Amazon [amazon.com] has *33-Oz Mrs. MEYER'S Clean Day Liquid Hand Soap Refill *(Snow Drop) for *$6.46*. 
*Shipping is free* with Prime or on $35+ orders. 
 
*Price* 
*$9.41* lower (59% savings) than...",https://slickdeals.net/f/18792133-6-46-33-oz-mrs-meyer-s-clean-day-liquid-hand-soap-refill-snow-drop-at-amazon,https://slickdeals.net/attachment/1/1/7/1/5/2/7/450x450/18695185.thumb,,Amazon[amazon.com] has 33-Oz Mrs. MEYER'S Clean Day Liquid Hand Soap Refill (Snow Drop) for $6.46.Shipping is free with Prime or on $35+ orders.Price$9.41 lower (59% savings) than the typical price o… [+117 chars],
